Unnamed: 0,subj1,subj2,expected-consistency,observed-consistency,cohens-kappa,condition
0,age1-,age2-,0.528,0.64,0.2372881355932203,4-6 vs. 7-9
1,age1-,age2-,0.53,0.65,0.2553191489361702,4-6 vs. 7-9
2,age1-,age4-,0.544,0.8,0.5614035087719299,4-6 vs. 13-15
3,age1-,age4-,0.5519999999999999,0.76,0.4642857142857144,4-6 vs. 13-15
4,age1-,age4-,0.5760000000000001,0.64,0.15094339622641498,4-6 vs. 13-15
5,age1-,age2-,0.544,0.56,0.03508771929824565,4-6 vs. 7-9
6,age1-,age2-,0.545,0.6,0.12087912087912075,4-6 vs. 7-9
7,age1-,age2-,0.5599999999999999,0.85,0.6590909090909091,4-6 vs. 7-9
8,age1-,age1-,0.485,0.8,0.6116504854368934,4-6 vs. 4-6
9,age1-,age1-,0.545,0.6,0.12087912087912075,4-6 vs. 4-6
10,age1-,age3-,0.528,0.64,0.2372881355932203,4-6 vs. 10-12
11,age1-,age3-,0.5599999999999999,0.85,0.6590909090909091,4-6 vs. 10-12
12,age1-,age1-,0.52,0.6,0.1666666666666666,4-6 vs. 4-6
13,age1-,age1-,0.47,0.75,0.5283018867924528,4-6 vs. 4-6
14,age1-,age4-,0.536,0.76,0.4827586206896552,4-6 vs. 13-15
15,age1-,age4-,0.5680000000000001,0.68,0.25925925925925924,4-6 vs. 13-15
16,age1-,age2-,0.5599999999999999,0.55,-0.02272727272727249,4-6 vs. 7-9
17,age1-,age4-,0.5840000000000001,0.68,0.23076923076923075,4-6 vs. 13-15
18,age1-,age4-,0.536,0.6,0.1379310344827585,4-6 vs. 13-15
19,age1-,age3-,0.5760000000000001,0.64,0.15094339622641498,4-6 vs. 10-12
20,age1-,age3-,0.5519999999999999,0.68,0.2857142857142859,4-6 vs. 10-12
21,age1-,age1-,0.52,0.76,0.5,4-6 vs. 4-6
22,age1-,age3-,0.545,0.8,0.5604395604395604,4-6 vs. 10-12
23,age1-,age3-,0.53,0.75,0.4680851063829787,4-6 vs. 10-12
24,age1-,age3-,0.544,0.88,0.7368421052631579,4-6 vs. 10-12
25,age1-,age2-,0.544,0.72,0.3859649122807016,4-6 vs. 7-9
26,age1-,age5-,0.6,0.6,0.0,4-6 vs. Adults
27,age1-,age5-,0.5760000000000001,0.72,0.3396226415094338,4-6 vs. Adults
28,age1-,age5-,0.5760000000000001,0.56,-0.03773584905660381,4-6 vs. Adults
61,age1-,vgg19-,0.464,0.64,0.32835820895522394,4-6 vs. DNNs
62,age1-,BiTM_resnetv2_152x2-,0.488,0.44,-0.09375000000000007,4-6 vs. DNNs
63,age1-,ResNeXt101_32x16d_swsl-,0.528,0.56,0.0677966101694916,4-6 vs. DNNs
64,age1-,resnext101_32x8d-,0.504,0.6,0.19354838709677413,4-6 vs. DNNs
65,age1-,swag_regnety_128gf_in1k-,0.5680000000000001,0.6,0.07407407407407389,4-6 vs. DNNs
66,age2-,age2-,0.53,0.85,0.6808510638297872,7-9 vs. 7-9
67,age2-,age4-,0.6285714285714287,0.8,0.4615384615384615,7-9 vs. 13-15
68,age2-,age4-,0.6285714285714287,0.8571428571428571,0.6153846153846152,7-9 vs. 13-15
69,age2-,age4-,0.6775510204081632,0.8,0.3797468354430383,7-9 vs. 13-15
70,age2-,age2-,0.6066666666666666,0.8,0.4915254237288138,7-9 vs. 7-9
71,age2-,age2-,0.5504,0.8,0.5551601423487545,7-9 vs. 7-9
72,age2-,age2-,0.5599999999999999,0.85,0.6590909090909091,7-9 vs. 7-9
73,age2-,age1-,0.4736,0.64,0.3161094224924012,4-6 vs. 7-9
74,age2-,age1-,0.545,0.8,0.5604395604395604,4-6 vs. 7-9
75,age2-,age3-,0.5673469387755102,0.7714285714285715,0.4716981132075472,7-9 vs. 10-12
76,age2-,age3-,0.5599999999999999,0.85,0.6590909090909091,7-9 vs. 10-12
77,age2-,age1-,0.5428571428571428,0.7142857142857143,0.3750000000000001,4-6 vs. 7-9
78,age2-,age1-,0.464,0.64,0.32835820895522394,4-6 vs. 7-9
79,age2-,age4-,0.5673469387755102,0.7714285714285715,0.4716981132075472,7-9 vs. 13-15
80,age2-,age4-,0.6408163265306124,0.6571428571428571,0.04545454545454509,7-9 vs. 13-15
81,age2-,age2-,0.5599999999999999,0.75,0.4318181818181819,7-9 vs. 7-9
82,age2-,age4-,0.6775510204081632,0.6857142857142857,0.02531645569620283,7-9 vs. 13-15
83,age2-,age4-,0.5918367346938775,0.7714285714285715,0.4400000000000001,7-9 vs. 13-15
84,age2-,age3-,0.6653061224489797,0.7714285714285715,0.3170731707317072,7-9 vs. 10-12
85,age2-,age3-,0.6040816326530613,0.7428571428571429,0.3505154639175258,7-9 vs. 10-12
86,age2-,age1-,0.5183673469387755,0.6571428571428571,0.288135593220339,4-6 vs. 7-9
87,age2-,age3-,0.545,0.8,0.5604395604395604,7-9 vs. 10-12
88,age2-,age3-,0.53,0.85,0.6808510638297872,7-9 vs. 10-12
89,age2-,age3-,0.6040816326530613,0.8,0.4948453608247424,7-9 vs. 10-12
90,age2-,age2-,0.5918367346938775,0.8285714285714286,0.5800000000000002,7-9 vs. 7-9
91,age2-,age5-,0.7142857142857143,0.7142857142857143,0.0,7-9 vs. Adults
92,age2-,age5-,0.6653061224489797,0.7142857142857143,0.14634146341463394,7-9 vs. Adults
93,age2-,age5-,0.653061224489796,0.6857142857142857,0.0941176470588234,7-9 vs. Adults
126,age2-,vgg19-,0.43265306122448977,0.4571428571428571,0.0431654676258993,7-9 vs. DNNs
127,age2-,BiTM_resnetv2_152x2-,0.5061224489795918,0.5142857142857142,0.016528925619834683,7-9 vs. DNNs
128,age2-,ResNeXt101_32x16d_swsl-,0.5795918367346938,0.8,0.5242718446601944,7-9 vs. DNNs
129,age2-,resnext101_32x8d-,0.5306122448979592,0.6857142857142857,0.33043478260869563,7-9 vs. DNNs
130,age2-,swag_regnety_128gf_in1k-,0.6408163265306124,0.6571428571428571,0.04545454545454509,7-9 vs. DNNs
131,age2-,age4-,0.5599999999999999,0.7,0.3181818181818182,7-9 vs. 13-15
132,age2-,age4-,0.5519999999999999,0.68,0.2857142857142859,7-9 vs. 13-15
133,age2-,age4-,0.5760000000000001,0.72,0.3396226415094338,7-9 vs. 13-15
134,age2-,age2-,0.5499999999999999,0.75,0.4444444444444445,7-9 vs. 7-9
135,age2-,age2-,0.536,0.6,0.1379310344827585,7-9 vs. 7-9
136,age2-,age2-,0.54,0.8,0.5652173913043479,7-9 vs. 7-9
137,age2-,age1-,0.4900000000000001,0.65,0.3137254901960784,4-6 vs. 7-9
138,age2-,age1-,0.53,0.75,0.4680851063829787,4-6 vs. 7-9
139,age2-,age3-,0.53,0.65,0.2553191489361702,7-9 vs. 10-12
140,age2-,age3-,0.5519999999999999,0.68,0.2857142857142859,7-9 vs. 10-12
141,age2-,age1-,0.544,0.64,0.21052631578947364,4-6 vs. 7-9
142,age2-,age1-,0.48,0.6,0.23076923076923075,4-6 vs. 7-9
143,age2-,age4-,0.5599999999999999,0.72,0.3636363636363637,7-9 vs. 13-15
144,age2-,age4-,0.5680000000000001,0.68,0.25925925925925924,7-9 vs. 13-15
145,age2-,age2-,0.54,0.6,0.13043478260869554,7-9 vs. 7-9
146,age2-,age4-,0.5920000000000001,0.64,0.11764705882352952,7-9 vs. 13-15
147,age2-,age4-,0.544,0.8,0.5614035087719299,7-9 vs. 13-15
148,age2-,age3-,0.5680000000000001,0.52,-0.11111111111111124,7-9 vs. 10-12
149,age2-,age3-,0.5680000000000001,0.68,0.25925925925925924,7-9 vs. 10-12
150,age2-,age1-,0.528,0.64,0.2372881355932203,4-6 vs. 7-9
151,age2-,age3-,0.53,0.65,0.2553191489361702,7-9 vs. 10-12
152,age2-,age3-,0.52,0.7,0.3749999999999999,7-9 vs. 10-12
153,age2-,age3-,0.5519999999999999,0.68,0.2857142857142859,7-9 vs. 10-12
154,age2-,age2-,0.5599999999999999,0.72,0.3636363636363637,7-9 vs. 7-9
155,age2-,age5-,0.6,0.6,0.0,7-9 vs. Adults
156,age2-,age5-,0.5760000000000001,0.64,0.15094339622641498,7-9 vs. Adults
157,age2-,age5-,0.5760000000000001,0.64,0.15094339622641498,7-9 vs. Adults
190,age2-,vgg19-,0.464,0.32,-0.26865671641791034,7-9 vs. DNNs
191,age2-,BiTM_resnetv2_152x2-,0.504,0.44,-0.12903225806451613,7-9 vs. DNNs
192,age2-,ResNeXt101_32x16d_swsl-,0.52,0.68,0.3333333333333334,7-9 vs. DNNs
193,age2-,resnext101_32x8d-,0.504,0.44,-0.12903225806451613,7-9 vs. DNNs
194,age2-,swag_regnety_128gf_in1k-,0.5519999999999999,0.52,-0.07142857142857123,7-9 vs. DNNs
195,age4-,age4-,0.6800000000000002,0.8285714285714286,0.4642857142857142,13-15 vs. 13-15
196,age4-,age4-,0.7485714285714286,0.8285714285714286,0.31818181818181845,13-15 vs. 13-15
197,age4-,age2-,0.6422222222222222,0.7333333333333333,0.2546583850931675,7-9 vs. 13-15
198,age4-,age2-,0.5952,0.64,0.11067193675889342,7-9 vs. 13-15
199,age4-,age2-,0.6199999999999999,0.8,0.473684210526316,7-9 vs. 13-15
200,age4-,age1-,0.4592,0.6,0.2603550295857988,4-6 vs. 13-15
201,age4-,age1-,0.59,0.75,0.3902439024390245,4-6 vs. 13-15
202,age4-,age3-,0.5942857142857143,0.8,0.5070422535211269,10-12 vs. 13-15
203,age4-,age3-,0.6199999999999999,0.9,0.7368421052631581,10-12 vs. 13-15
204,age4-,age1-,0.5599999999999999,0.6857142857142857,0.2857142857142858,4-6 vs. 13-15
205,age4-,age1-,0.4320000000000001,0.56,0.2253521126760564,4-6 vs. 13-15
206,age4-,age4-,0.5942857142857143,0.8,0.5070422535211269,13-15 vs. 13-15
207,age4-,age4-,0.6971428571428572,0.8,0.33962264150943405,13-15 vs. 13-15
208,age4-,age2-,0.6199999999999999,0.7,0.2105263157894738,7-9 vs. 13-15
209,age4-,age4-,0.7485714285714286,0.8285714285714286,0.31818181818181845,13-15 vs. 13-15
210,age4-,age4-,0.6285714285714287,0.7428571428571429,0.3076923076923076,13-15 vs. 13-15
211,age4-,age3-,0.7314285714285715,0.7428571428571429,0.0425531914893614,10-12 vs. 13-15
212,age4-,age3-,0.6457142857142857,0.8285714285714286,0.5161290322580647,10-12 vs. 13-15
213,age4-,age1-,0.5257142857142857,0.6857142857142857,0.3373493975903615,4-6 vs. 13-15
214,age4-,age3-,0.59,0.85,0.6341463414634146,10-12 vs. 13-15
215,age4-,age3-,0.5599999999999999,0.8,0.5454545454545456,10-12 vs. 13-15
216,age4-,age3-,0.6457142857142857,0.8857142857142857,0.6774193548387096,10-12 vs. 13-15
217,age4-,age2-,0.6285714285714287,0.8,0.4615384615384615,7-9 vs. 13-15
218,age4-,age5-,0.8,0.8,0.0,13-15 vs. Adults
219,age4-,age5-,0.7314285714285715,0.8,0.2553191489361701,13-15 vs. Adults
220,age4-,age5-,0.7142857142857143,0.7142857142857143,0.0,13-15 vs. Adults
253,age4-,vgg19-,0.4057142857142857,0.42857142857142855,0.038461538461538464,13-15 vs. DNNs
254,age4-,BiTM_resnetv2_152x2-,0.5085714285714286,0.4857142857142857,-0.04651162790697674,13-15 vs. DNNs
255,age4-,ResNeXt101_32x16d_swsl-,0.6114285714285714,0.6571428571428571,0.1176470588235294,13-15 vs. DNNs
256,age4-,resnext101_32x8d-,0.5428571428571428,0.6571428571428571,0.2500000000000001,13-15 vs. DNNs
257,age4-,swag_regnety_128gf_in1k-,0.6971428571428572,0.6857142857142857,-0.03773584905660386,13-15 vs. DNNs
258,age4-,age4-,0.7127272727272727,0.8,0.3037974683544307,13-15 vs. 13-15
259,age4-,age2-,0.66,0.7,0.1176470588235292,7-9 vs. 13-15
260,age4-,age2-,0.5888888888888888,0.7,0.27027027027027034,7-9 vs. 13-15
261,age4-,age2-,0.5999999999999999,0.85,0.6250000000000001,7-9 vs. 13-15
262,age4-,age1-,0.46399999999999997,0.56,0.17910447761194034,4-6 vs. 13-15
263,age4-,age1-,0.5750000000000001,0.6,0.0588235294117645,4-6 vs. 13-15
264,age4-,age3-,0.5942857142857143,0.7428571428571429,0.3661971830985916,10-12 vs. 13-15
265,age4-,age3-,0.6352,0.84,0.5614035087719298,10-12 vs. 13-15
266,age4-,age1-,0.5709090909090909,0.6,0.06779661016949144,4-6 vs. 13-15
267,age4-,age1-,0.4480000000000001,0.56,0.2028985507246377,4-6 vs. 13-15
268,age4-,age4-,0.5599999999999999,0.6909090909090909,0.2975206611570249,13-15 vs. 13-15
269,age4-,age4-,0.6800000000000002,0.7090909090909091,0.0909090909090905,13-15 vs. 13-15
270,age4-,age2-,0.5999999999999999,0.65,0.12500000000000033,7-9 vs. 13-15
271,age4-,age4-,0.7550000000000001,0.775,0.08163265306122415,13-15 vs. 13-15
272,age4-,age4-,0.6199999999999999,0.7,0.2105263157894738,13-15 vs. 13-15
273,age4-,age3-,0.7236363636363637,0.8545454545454545,0.4736842105263154,10-12 vs. 13-15
274,age4-,age3-,0.6581818181818182,0.7454545454545455,0.25531914893617025,10-12 vs. 13-15
275,age4-,age1-,0.4836363636363637,0.5636363636363636,0.15492957746478864,4-6 vs. 13-15
276,age4-,age3-,0.5750000000000001,0.8,0.5294117647058824,10-12 vs. 13-15
277,age4-,age3-,0.5499999999999999,0.75,0.4444444444444445,10-12 vs. 13-15
278,age4-,age3-,0.6500000000000001,0.9,0.7142857142857142,10-12 vs. 13-15
279,age4-,age3-,0.5136000000000001,0.52,0.013157894736842026,10-12 vs. 13-15
280,age4-,age3-,0.6777777777777778,0.6666666666666666,-0.034482758620689884,10-12 vs. 13-15
281,age4-,age3-,0.5844897959183674,0.7428571428571429,0.3811394891944991,10-12 vs. 13-15
282,age4-,age2-,0.6581818181818182,0.8181818181818182,0.4680851063829789,7-9 vs. 13-15
283,age4-,age2-,0.6971428571428572,0.8,0.33962264150943405,7-9 vs. 13-15
284,age4-,age2-,0.5844897959183674,0.5142857142857142,-0.16895874263261312,7-9 vs. 13-15
285,age4-,age2-,0.5657142857142857,0.6,0.07894736842105256,7-9 vs. 13-15
286,age4-,age2-,0.6768,0.76,0.25742574257425754,7-9 vs. 13-15
287,age4-,age5-,0.7781818181818183,0.8363636363636363,0.2622950819672125,13-15 vs. Adults
288,age4-,age5-,0.7127272727272727,0.8363636363636363,0.430379746835443,13-15 vs. Adults
289,age4-,age5-,0.7127272727272727,0.7636363636363637,0.17721518987341806,13-15 vs. Adults
322,age4-,vgg19-,0.3745454545454545,0.41818181818181815,0.06976744186046513,13-15 vs. DNNs
323,age4-,BiTM_resnetv2_152x2-,0.4727272727272727,0.4727272727272727,0.0,13-15 vs. DNNs
324,age4-,ResNeXt101_32x16d_swsl-,0.5599999999999999,0.6545454545454545,0.21487603305785133,13-15 vs. DNNs
325,age4-,resnext101_32x8d-,0.5163636363636364,0.5818181818181818,0.13533834586466162,13-15 vs. DNNs
326,age4-,swag_regnety_128gf_in1k-,0.6254545454545455,0.7272727272727273,0.27184466019417475,13-15 vs. DNNs
327,age4-,age2-,0.7133333333333334,0.6666666666666666,-0.1627906976744189,7-9 vs. 13-15
328,age4-,age2-,0.6333333333333333,0.7,0.18181818181818174,7-9 vs. 13-15
329,age4-,age2-,0.64,0.85,0.5833333333333333,7-9 vs. 13-15
330,age4-,age1-,0.4544,0.48,0.04692082111436943,4-6 vs. 13-15
331,age4-,age1-,0.605,0.7,0.240506329113924,4-6 vs. 13-15
332,age4-,age3-,0.6302040816326531,0.6857142857142857,0.15011037527593818,10-12 vs. 13-15
333,age4-,age3-,0.6976000000000001,0.8,0.3386243386243385,10-12 vs. 13-15
334,age4-,age1-,0.5798816568047337,0.676923076923077,0.2309859154929579,4-6 vs. 13-15
335,age4-,age1-,0.424,0.52,0.16666666666666666,4-6 vs. 13-15
336,age4-,age4-,0.6349999999999999,0.7375,0.2808219178082195,13-15 vs. 13-15
337,age4-,age4-,0.719375,0.8625,0.5100222717149222,13-15 vs. 13-15
338,age4-,age2-,0.64,0.85,0.5833333333333333,7-9 vs. 13-15
339,age4-,age4-,0.819753086419753,0.8888888888888888,0.3835616438356165,13-15 vs. 13-15
340,age4-,age4-,0.636,0.74,0.2857142857142857,13-15 vs. 13-15
341,age4-,age3-,0.764297520661157,0.7636363636363637,-0.0028050490883586784,10-12 vs. 13-15
342,age4-,age3-,0.7025,0.8375,0.4537815126050421,10-12 vs. 13-15
343,age4-,age1-,0.5421875,0.675,0.29010238907849834,4-6 vs. 13-15
344,age4-,age3-,0.605,0.7,0.240506329113924,10-12 vs. 13-15
345,age4-,age3-,0.5700000000000001,0.75,0.4186046511627906,10-12 vs. 13-15
346,age4-,age3-,0.7125000000000001,0.775,0.2173913043478258,10-12 vs. 13-15
347,age4-,age3-,0.5266666666666666,0.6333333333333333,0.2253521126760564,10-12 vs. 13-15
348,age4-,age3-,0.6955555555555556,0.7666666666666667,0.2335766423357665,10-12 vs. 13-15
349,age4-,age3-,0.58125,0.75,0.4029850746268656,10-12 vs. 13-15
350,age4-,age3-,0.4888888888888889,0.8,0.6086956521739131,10-12 vs. 13-15
351,age4-,age3-,0.6244444444444444,0.7666666666666667,0.3786982248520713,10-12 vs. 13-15
352,age4-,age2-,0.6777777777777778,0.7666666666666667,0.2758620689655173,7-9 vs. 13-15
353,age4-,age2-,0.7142857142857143,0.6571428571428571,-0.20000000000000007,7-9 vs. 13-15
354,age4-,age2-,0.6222222222222223,0.6833333333333333,0.1617647058823527,7-9 vs. 13-15
355,age4-,age2-,0.565,0.725,0.36781609195402304,7-9 vs. 13-15
356,age4-,age2-,0.7133333333333334,0.8,0.3023255813953489,7-9 vs. 13-15
357,age4-,age2-,0.5750000000000001,0.75,0.4117647058823529,7-9 vs. 13-15
358,age4-,age5-,0.7868750000000001,0.8625,0.3548387096774193,13-15 vs. Adults
359,age4-,age5-,0.7531249999999999,0.8375,0.34177215189873444,13-15 vs. Adults
360,age4-,age5-,0.7362500000000001,0.8375,0.3838862559241705,13-15 vs. Adults
393,age4-,vgg19-,0.365,0.3875,0.03543307086614185,13-15 vs. DNNs
394,age4-,BiTM_resnetv2_152x2-,0.5,0.5625,0.125,13-15 vs. DNNs
395,age4-,ResNeXt101_32x16d_swsl-,0.5759375000000001,0.625,0.1156963890935886,13-15 vs. DNNs
396,age4-,resnext101_32x8d-,0.5,0.5375,0.07499999999999996,13-15 vs. DNNs
397,age4-,swag_regnety_128gf_in1k-,0.6265625,0.65,0.06276150627615062,13-15 vs. DNNs
398,age2-,age2-,0.5750000000000001,0.7,0.2941176470588233,7-9 vs. 7-9
399,age2-,age2-,0.5999999999999999,0.65,0.12500000000000033,7-9 vs. 7-9
400,age2-,age1-,0.46399999999999997,0.64,0.32835820895522383,4-6 vs. 7-9
401,age2-,age1-,0.5750000000000001,0.8,0.5294117647058824,4-6 vs. 7-9
402,age2-,age3-,0.5711111111111111,0.6666666666666666,0.22279792746113974,7-9 vs. 10-12
403,age2-,age3-,0.5999999999999999,0.75,0.3750000000000002,7-9 vs. 10-12
404,age2-,age1-,0.5888888888888888,0.7,0.27027027027027034,4-6 vs. 7-9
405,age2-,age1-,0.4500000000000001,0.55,0.1818181818181818,4-6 vs. 7-9
406,age2-,age4-,0.5888888888888888,0.7,0.27027027027027034,7-9 vs. 13-15
407,age2-,age4-,0.66,0.5666666666666667,-0.2745098039215688,7-9 vs. 13-15
408,age2-,age2-,0.5999999999999999,0.55,-0.12499999999999953,7-9 vs. 7-9
409,age2-,age4-,0.7311111111111112,0.7666666666666667,0.13223140495867775,7-9 vs. 13-15
410,age2-,age4-,0.6244444444444444,0.9,0.7337278106508877,7-9 vs. 13-15
411,age2-,age3-,0.7133333333333334,0.8,0.3023255813953489,7-9 vs. 10-12
412,age2-,age3-,0.6422222222222222,0.6666666666666666,0.06832298136645945,7-9 vs. 10-12
413,age2-,age1-,0.5177777777777778,0.5,-0.03686635944700462,4-6 vs. 7-9
414,age2-,age3-,0.5750000000000001,0.7,0.2941176470588233,7-9 vs. 10-12
415,age2-,age3-,0.5499999999999999,0.65,0.2222222222222224,7-9 vs. 10-12
416,age2-,age3-,0.6244444444444444,0.7,0.2011834319526628,7-9 vs. 10-12
417,age2-,age2-,0.6066666666666666,0.8,0.4915254237288138,7-9 vs. 7-9
418,age2-,age5-,0.7666666666666667,0.7666666666666667,0.0,7-9 vs. Adults
419,age2-,age5-,0.7133333333333334,0.7333333333333333,0.0697674418604648,7-9 vs. Adults
420,age2-,age5-,0.7133333333333334,0.7333333333333333,0.0697674418604648,7-9 vs. Adults
453,age2-,vgg19-,0.4111111111111111,0.43333333333333335,0.037735849056603835,7-9 vs. DNNs
454,age2-,BiTM_resnetv2_152x2-,0.5,0.6,0.2,7-9 vs. DNNs
455,age2-,ResNeXt101_32x16d_swsl-,0.6066666666666666,0.8,0.4915254237288138,7-9 vs. DNNs
456,age2-,resnext101_32x8d-,0.5355555555555556,0.6666666666666666,0.2822966507177033,7-9 vs. DNNs
457,age2-,swag_regnety_128gf_in1k-,0.6955555555555556,0.7666666666666667,0.2335766423357665,7-9 vs. DNNs
458,age2-,age2-,0.5599999999999999,0.65,0.2045454545454547,7-9 vs. 7-9
459,age2-,age1-,0.485,0.6,0.22330097087378634,4-6 vs. 7-9
460,age2-,age1-,0.545,0.8,0.5604395604395604,4-6 vs. 7-9
461,age2-,age3-,0.5504,0.64,0.19928825622775806,7-9 vs. 10-12
462,age2-,age3-,0.5936,0.68,0.2125984251968505,7-9 vs. 10-12
463,age2-,age1-,0.5444444444444444,0.7,0.3414634146341463,4-6 vs. 7-9
464,age2-,age1-,0.47200000000000003,0.6,0.24242424242424246,4-6 vs. 7-9
465,age2-,age4-,0.5888888888888888,0.7666666666666667,0.4324324324324327,7-9 vs. 13-15
466,age2-,age4-,0.6222222222222221,0.6,-0.058823529411764476,7-9 vs. 13-15
467,age2-,age2-,0.5599999999999999,0.75,0.4318181818181819,7-9 vs. 7-9
468,age2-,age4-,0.6444444444444445,0.6,-0.1250000000000002,7-9 vs. 13-15
469,age2-,age4-,0.5666666666666667,0.6333333333333333,0.1538461538461538,7-9 vs. 13-15
470,age2-,age3-,0.6111111111111112,0.7,0.2285714285714284,7-9 vs. 10-12
471,age2-,age3-,0.6,0.6666666666666666,0.16666666666666666,7-9 vs. 10-12
472,age2-,age1-,0.5444444444444444,0.6333333333333333,0.1951219512195122,4-6 vs. 7-9
473,age2-,age3-,0.545,0.6,0.12087912087912075,7-9 vs. 10-12
474,age2-,age3-,0.53,0.65,0.2553191489361702,7-9 vs. 10-12
475,age2-,age3-,0.5888888888888888,0.7,0.27027027027027034,7-9 vs. 10-12
476,age2-,age2-,0.6,0.7333333333333333,0.3333333333333333,7-9 vs. 7-9
477,age2-,age5-,0.6666666666666666,0.6666666666666666,0.0,7-9 vs. Adults
478,age2-,age5-,0.6222222222222221,0.6666666666666666,0.11764705882352955,7-9 vs. Adults
479,age2-,age5-,0.6111111111111112,0.6333333333333333,0.05714285714285695,7-9 vs. Adults
512,age2-,vgg19-,0.4444444444444445,0.4,-0.08000000000000003,7-9 vs. DNNs
513,age2-,BiTM_resnetv2_152x2-,0.5111111111111111,0.4666666666666667,-0.0909090909090908,7-9 vs. DNNs
514,age2-,ResNeXt101_32x16d_swsl-,0.5333333333333333,0.6666666666666666,0.28571428571428564,7-9 vs. DNNs
515,age2-,resnext101_32x8d-,0.5111111111111111,0.5333333333333333,0.04545454545454552,7-9 vs. DNNs
516,age2-,swag_regnety_128gf_in1k-,0.5777777777777777,0.6,0.05263157894736849,7-9 vs. DNNs
517,age2-,age1-,0.48,0.65,0.3269230769230769,4-6 vs. 7-9
518,age2-,age1-,0.5599999999999999,0.65,0.2045454545454547,4-6 vs. 7-9
519,age2-,age3-,0.5599999999999999,0.65,0.2045454545454547,7-9 vs. 10-12
520,age2-,age3-,0.58,0.8,0.523809523809524,7-9 vs. 10-12
521,age2-,age1-,0.58,0.7,0.2857142857142857,4-6 vs. 7-9
522,age2-,age1-,0.46,0.7,0.4444444444444444,4-6 vs. 7-9
523,age2-,age4-,0.5999999999999999,0.85,0.6250000000000001,7-9 vs. 13-15
524,age2-,age4-,0.6199999999999999,0.7,0.2105263157894738,7-9 vs. 13-15
525,age2-,age2-,0.58,0.7,0.2857142857142857,7-9 vs. 7-9
526,age2-,age4-,0.6799999999999999,0.75,0.21875000000000014,7-9 vs. 13-15
527,age2-,age4-,0.58,0.8,0.523809523809524,7-9 vs. 13-15
528,age2-,age3-,0.64,0.65,0.027777777777777804,7-9 vs. 10-12
529,age2-,age3-,0.6199999999999999,0.8,0.473684210526316,7-9 vs. 10-12
530,age2-,age1-,0.58,0.8,0.523809523809524,4-6 vs. 7-9
531,age2-,age3-,0.5599999999999999,0.75,0.4318181818181819,7-9 vs. 10-12
532,age2-,age3-,0.54,0.8,0.5652173913043479,7-9 vs. 10-12
533,age2-,age3-,0.5999999999999999,0.85,0.6250000000000001,7-9 vs. 10-12
534,age2-,age2-,0.5999999999999999,0.85,0.6250000000000001,7-9 vs. 7-9
535,age2-,age5-,0.7,0.7,0.0,7-9 vs. Adults
536,age2-,age5-,0.64,0.75,0.3055555555555555,7-9 vs. Adults
537,age2-,age5-,0.64,0.65,0.027777777777777804,7-9 vs. Adults
570,age2-,vgg19-,0.42,0.4,-0.03448275862068969,7-9 vs. DNNs
571,age2-,BiTM_resnetv2_152x2-,0.5,0.3,-0.4,7-9 vs. DNNs
572,age2-,ResNeXt101_32x16d_swsl-,0.54,0.7,0.3478260869565216,7-9 vs. DNNs
573,age2-,resnext101_32x8d-,0.5,0.5,0.0,7-9 vs. DNNs
574,age2-,swag_regnety_128gf_in1k-,0.6199999999999999,0.7,0.2105263157894738,7-9 vs. DNNs
575,age1-,age1-,0.485,0.7,0.4174757281553397,4-6 vs. 4-6
576,age1-,age3-,0.4832,0.8,0.6130030959752323,4-6 vs. 10-12
577,age1-,age3-,0.48,0.75,0.5192307692307692,4-6 vs. 10-12
578,age1-,age1-,0.4688000000000001,0.6,0.2469879518072288,4-6 vs. 4-6
579,age1-,age1-,0.51,0.75,0.4897959183673469,4-6 vs. 4-6
580,age1-,age4-,0.4736,0.72,0.4680851063829787,4-6 vs. 13-15
581,age1-,age4-,0.4688000000000001,0.52,0.09638554216867466,4-6 vs. 13-15
582,age1-,age2-,0.48,0.45,-0.05769230769230775,4-6 vs. 7-9
583,age1-,age4-,0.4448,0.48,0.06340057636887601,4-6 vs. 13-15
584,age1-,age4-,0.4688000000000001,0.6,0.2469879518072288,4-6 vs. 13-15
585,age1-,age3-,0.4544,0.56,0.19354838709677424,4-6 vs. 10-12
586,age1-,age3-,0.46399999999999997,0.56,0.17910447761194034,4-6 vs. 10-12
587,age1-,age1-,0.488,0.68,0.375,4-6 vs. 4-6
588,age1-,age3-,0.485,0.7,0.4174757281553397,4-6 vs. 10-12
589,age1-,age3-,0.4900000000000001,0.75,0.5098039215686273,4-6 vs. 10-12
590,age1-,age3-,0.4688000000000001,0.68,0.3975903614457832,4-6 vs. 10-12
591,age1-,age2-,0.4736,0.72,0.4680851063829787,4-6 vs. 7-9
592,age1-,age5-,0.44,0.44,0.0,4-6 vs. Adults
593,age1-,age5-,0.4544,0.56,0.19354838709677424,4-6 vs. Adults
594,age1-,age5-,0.4544,0.48,0.04692082111436943,4-6 vs. Adults
627,age1-,vgg19-,0.5216000000000001,0.64,0.2474916387959865,4-6 vs. DNNs
628,age1-,BiTM_resnetv2_152x2-,0.4928,0.56,0.13249211356466886,4-6 vs. DNNs
629,age1-,ResNeXt101_32x16d_swsl-,0.4784000000000001,0.68,0.3865030674846626,4-6 vs. DNNs
630,age1-,resnext101_32x8d-,0.4928,0.64,0.2902208201892745,4-6 vs. DNNs
631,age1-,swag_regnety_128gf_in1k-,0.4592,0.52,0.11242603550295864,4-6 vs. DNNs
632,age1-,age3-,0.545,0.8,0.5604395604395604,4-6 vs. 10-12
633,age1-,age3-,0.5599999999999999,0.75,0.4318181818181819,4-6 vs. 10-12
634,age1-,age1-,0.5599999999999999,0.85,0.6590909090909091,4-6 vs. 4-6
635,age1-,age1-,0.47,0.65,0.33962264150943405,4-6 vs. 4-6
636,age1-,age4-,0.5750000000000001,0.7,0.2941176470588233,4-6 vs. 13-15
637,age1-,age4-,0.59,0.65,0.14634146341463428,4-6 vs. 13-15
638,age1-,age2-,0.5599999999999999,0.65,0.2045454545454547,4-6 vs. 7-9
639,age1-,age4-,0.635,0.6,-0.0958904109589042,4-6 vs. 13-15
640,age1-,age4-,0.5599999999999999,0.75,0.4318181818181819,4-6 vs. 13-15
641,age1-,age3-,0.605,0.7,0.240506329113924,4-6 vs. 10-12
642,age1-,age3-,0.59,0.65,0.14634146341463428,4-6 vs. 10-12
643,age1-,age1-,0.5599999999999999,0.65,0.2045454545454547,4-6 vs. 4-6
644,age1-,age3-,0.545,0.7,0.3406593406593405,4-6 vs. 10-12
645,age1-,age3-,0.53,0.75,0.4680851063829787,4-6 vs. 10-12
646,age1-,age3-,0.5750000000000001,0.7,0.2941176470588233,4-6 vs. 10-12
647,age1-,age2-,0.5750000000000001,0.7,0.2941176470588233,4-6 vs. 7-9
648,age1-,age5-,0.65,0.65,0.0,4-6 vs. Adults
649,age1-,age5-,0.605,0.7,0.240506329113924,4-6 vs. Adults
650,age1-,age5-,0.605,0.8,0.4936708860759495,4-6 vs. Adults
683,age1-,vgg19-,0.44,0.35,-0.16071428571428564,4-6 vs. DNNs
684,age1-,BiTM_resnetv2_152x2-,0.5,0.55,0.10000000000000007,4-6 vs. DNNs
685,age1-,ResNeXt101_32x16d_swsl-,0.53,0.75,0.4680851063829787,4-6 vs. DNNs
686,age1-,resnext101_32x8d-,0.5,0.55,0.10000000000000007,4-6 vs. DNNs
687,age1-,swag_regnety_128gf_in1k-,0.59,0.55,-0.0975609756097559,4-6 vs. DNNs
688,age3-,age3-,0.5599999999999999,0.85,0.6590909090909091,10-12 vs. 10-12
689,age3-,age1-,0.5314285714285715,0.6,0.14634146341463405,4-6 vs. 10-12
690,age3-,age1-,0.464,0.64,0.32835820895522394,4-6 vs. 10-12
691,age3-,age4-,0.5493877551020409,0.7142857142857143,0.3659420289855072,10-12 vs. 13-15
692,age3-,age4-,0.6032653061224489,0.7142857142857143,0.2798353909465023,10-12 vs. 13-15
693,age3-,age2-,0.5599999999999999,0.65,0.2045454545454547,7-9 vs. 10-12
694,age3-,age4-,0.6302040816326531,0.6285714285714286,-0.004415011037527647,10-12 vs. 13-15
695,age3-,age4-,0.5673469387755102,0.6571428571428571,0.20754716981132068,10-12 vs. 13-15
696,age3-,age3-,0.6212244897959184,0.7142857142857143,0.2456896551724138,10-12 vs. 10-12
697,age3-,age3-,0.5763265306122449,0.7428571428571429,0.3930635838150289,10-12 vs. 10-12
698,age3-,age1-,0.5134693877551021,0.7142857142857143,0.4127516778523491,4-6 vs. 10-12
699,age3-,age3-,0.545,0.8,0.5604395604395604,10-12 vs. 10-12
700,age3-,age3-,0.53,0.85,0.6808510638297872,10-12 vs. 10-12
701,age3-,age3-,0.5763265306122449,0.7428571428571429,0.3930635838150289,10-12 vs. 10-12
702,age3-,age2-,0.5673469387755102,0.7714285714285715,0.4716981132075472,7-9 vs. 10-12
703,age3-,age5-,0.6571428571428571,0.6571428571428571,0.0,10-12 vs. Adults
704,age3-,age5-,0.6212244897959184,0.6571428571428571,0.09482758620689652,10-12 vs. Adults
705,age3-,age5-,0.6122448979591837,0.6857142857142857,0.1894736842105263,10-12 vs. Adults
738,age3-,vgg19-,0.4506122448979592,0.5142857142857142,0.11589895988112915,10-12 vs. DNNs
739,age3-,BiTM_resnetv2_152x2-,0.5044897959183673,0.5142857142857142,0.0197693574958814,10-12 vs. DNNs
740,age3-,ResNeXt101_32x16d_swsl-,0.5583673469387755,0.6857142857142857,0.28835489833641403,10-12 vs. DNNs
741,age3-,resnext101_32x8d-,0.5224489795918367,0.6285714285714286,0.2222222222222223,10-12 vs. DNNs
742,age3-,swag_regnety_128gf_in1k-,0.6032653061224489,0.6,-0.008230452674896936,10-12 vs. DNNs
743,age3-,age1-,0.6144000000000001,0.72,0.27385892116182553,4-6 vs. 10-12
744,age3-,age1-,0.46,0.7,0.4444444444444444,4-6 vs. 10-12
745,age3-,age4-,0.6560000000000001,0.8,0.4186046511627906,10-12 vs. 13-15
746,age3-,age4-,0.6768,0.84,0.504950495049505,10-12 vs. 13-15
747,age3-,age2-,0.58,0.7,0.2857142857142857,7-9 vs. 10-12
748,age3-,age4-,0.7392000000000001,0.8,0.2331288343558281,10-12 vs. 13-15
749,age3-,age4-,0.6144000000000001,0.8,0.4813278008298755,10-12 vs. 13-15
750,age3-,age3-,0.6768,0.84,0.504950495049505,10-12 vs. 10-12
751,age3-,age3-,0.6768,0.84,0.504950495049505,10-12 vs. 10-12
752,age3-,age1-,0.5728,0.72,0.34456928838951306,4-6 vs. 10-12
753,age3-,age3-,0.5599999999999999,0.95,0.8863636363636362,10-12 vs. 10-12
754,age3-,age3-,0.54,0.9,0.7826086956521741,10-12 vs. 10-12
755,age3-,age3-,0.6352,0.92,0.780701754385965,10-12 vs. 10-12
756,age3-,age2-,0.6560000000000001,0.96,0.8837209302325579,7-9 vs. 10-12
757,age3-,age5-,0.76,0.76,0.0,10-12 vs. Adults
758,age3-,age5-,0.6976000000000001,0.88,0.603174603174603,10-12 vs. Adults
759,age3-,age5-,0.6976000000000001,0.72,0.07407407407407365,10-12 vs. Adults
792,age3-,vgg19-,0.4064,0.48,0.12398921832884095,10-12 vs. DNNs
793,age3-,BiTM_resnetv2_152x2-,0.5104,0.52,0.01960784313725501,10-12 vs. DNNs
794,age3-,ResNeXt101_32x16d_swsl-,0.5519999999999999,0.68,0.2857142857142859,10-12 vs. DNNs
795,age3-,resnext101_32x8d-,0.5104,0.68,0.3464052287581701,10-12 vs. DNNs
796,age3-,swag_regnety_128gf_in1k-,0.6352,0.68,0.1228070175438598,10-12 vs. DNNs
797,age1-,age1-,0.48,0.56,0.15384615384615394,4-6 vs. 4-6
798,age1-,age4-,0.5372781065088758,0.676923076923077,0.30179028132992336,4-6 vs. 13-15
799,age1-,age4-,0.5727810650887575,0.6153846153846154,0.0997229916897506,4-6 vs. 13-15
800,age1-,age2-,0.58,0.7,0.2857142857142857,4-6 vs. 7-9
801,age1-,age4-,0.6004938271604939,0.6666666666666666,0.16563658838071665,4-6 vs. 13-15
802,age1-,age4-,0.5559999999999999,0.62,0.14414414414414425,4-6 vs. 13-15
803,age1-,age3-,0.588099173553719,0.6363636363636364,0.1171749598715891,4-6 vs. 10-12
804,age1-,age3-,0.5621301775147929,0.6923076923076923,0.2972972972972973,4-6 vs. 10-12
805,age1-,age1-,0.5053254437869823,0.5692307692307692,0.12918660287081327,4-6 vs. 4-6
806,age1-,age3-,0.5599999999999999,0.65,0.2045454545454547,4-6 vs. 10-12
807,age1-,age3-,0.54,0.7,0.3478260869565216,4-6 vs. 10-12
808,age1-,age3-,0.5625,0.625,0.14285714285714285,4-6 vs. 10-12
809,age1-,age3-,0.5066666666666667,0.6,0.18918918918918906,4-6 vs. 10-12
810,age1-,age3-,0.5177777777777778,0.5666666666666667,0.10138248847926264,4-6 vs. 10-12
811,age1-,age3-,0.51875,0.65,0.2727272727272727,4-6 vs. 10-12
812,age1-,age3-,0.504,0.68,0.35483870967741943,4-6 vs. 10-12
813,age1-,age3-,0.54,0.8,0.5652173913043479,4-6 vs. 10-12
814,age1-,age2-,0.5622222222222223,0.6833333333333333,0.2766497461928933,4-6 vs. 7-9
815,age1-,age2-,0.5428571428571428,0.7714285714285715,0.5000000000000001,4-6 vs. 7-9
816,age1-,age2-,0.5293827160493827,0.5777777777777777,0.10283315844700937,4-6 vs. 7-9
817,age1-,age2-,0.515,0.575,0.12371134020618545,4-6 vs. 7-9
818,age1-,age2-,0.5533333333333333,0.7,0.3283582089552238,4-6 vs. 7-9
819,age1-,age2-,0.528,0.8,0.576271186440678,4-6 vs. 7-9
820,age1-,age5-,0.6047337278106509,0.6615384615384615,0.14371257485029926,4-6 vs. Adults
821,age1-,age5-,0.5834319526627219,0.6615384615384615,0.18750000000000006,4-6 vs. Adults
822,age1-,age5-,0.5834319526627219,0.7230769230769231,0.3352272727272728,4-6 vs. Adults
855,age1-,vgg19-,0.4556213017751479,0.476923076923077,0.03913043478260875,4-6 vs. DNNs
856,age1-,BiTM_resnetv2_152x2-,0.4911242603550296,0.5692307692307692,0.1534883720930233,4-6 vs. DNNs
857,age1-,ResNeXt101_32x16d_swsl-,0.5159763313609468,0.5538461538461539,0.07823960880195598,4-6 vs. DNNs
858,age1-,resnext101_32x8d-,0.5017751479289939,0.4923076923076923,-0.01900237529691194,4-6 vs. DNNs
859,age1-,swag_regnety_128gf_in1k-,0.5408284023668639,0.5076923076923077,-0.07216494845360832,4-6 vs. DNNs
860,age1-,age4-,0.456,0.52,0.11764705882352952,4-6 vs. 13-15
861,age1-,age4-,0.4320000000000001,0.48,0.08450704225352101,4-6 vs. 13-15
862,age1-,age2-,0.46,0.7,0.4444444444444444,4-6 vs. 7-9
863,age1-,age4-,0.416,0.48,0.10958904109589032,4-6 vs. 13-15
864,age1-,age4-,0.464,0.64,0.32835820895522394,4-6 vs. 13-15
865,age1-,age3-,0.4320000000000001,0.56,0.2253521126760564,4-6 vs. 10-12
866,age1-,age3-,0.4480000000000001,0.48,0.05797101449275348,4-6 vs. 10-12
867,age1-,age1-,0.464,0.56,0.17910447761194045,4-6 vs. 4-6
868,age1-,age3-,0.47,0.65,0.33962264150943405,4-6 vs. 10-12
869,age1-,age3-,0.48,0.7,0.42307692307692296,4-6 vs. 10-12
870,age1-,age3-,0.4480000000000001,0.64,0.3478260869565217,4-6 vs. 10-12
871,age1-,age2-,0.4480000000000001,0.64,0.3478260869565217,4-6 vs. 7-9
872,age1-,age5-,0.4,0.4,0.0,4-6 vs. Adults
873,age1-,age5-,0.4320000000000001,0.48,0.08450704225352101,4-6 vs. Adults
874,age1-,age5-,0.4400000000000001,0.52,0.1428571428571428,4-6 vs. Adults
907,age1-,vgg19-,0.536,0.6,0.1379310344827585,4-6 vs. DNNs
908,age1-,BiTM_resnetv2_152x2-,0.496,0.4,-0.1904761904761904,4-6 vs. DNNs
909,age1-,ResNeXt101_32x16d_swsl-,0.48,0.56,0.15384615384615394,4-6 vs. DNNs
910,age1-,resnext101_32x8d-,0.496,0.48,-0.03174603174603177,4-6 vs. DNNs
911,age1-,swag_regnety_128gf_in1k-,0.4480000000000001,0.4,-0.08695652173913053,4-6 vs. DNNs
912,age4-,age4-,0.6299999999999999,0.7,0.1891891891891893,13-15 vs. 13-15
913,age4-,age2-,0.5999999999999999,0.65,0.12500000000000033,7-9 vs. 13-15
914,age4-,age4-,0.6918518518518517,0.7333333333333333,0.13461538461538486,13-15 vs. 13-15
915,age4-,age4-,0.54,0.66,0.2608695652173913,13-15 vs. 13-15
916,age4-,age3-,0.5745454545454545,0.5818181818181818,0.0170940170940172,10-12 vs. 13-15
917,age4-,age3-,0.6199999999999999,0.775,0.4078947368421055,10-12 vs. 13-15
918,age4-,age1-,0.525,0.7625,0.4999999999999999,4-6 vs. 13-15
919,age4-,age3-,0.5750000000000001,0.7,0.2941176470588233,10-12 vs. 13-15
920,age4-,age3-,0.5499999999999999,0.65,0.2222222222222224,10-12 vs. 13-15
921,age4-,age3-,0.5999999999999999,0.8,0.5000000000000002,10-12 vs. 13-15
922,age4-,age3-,0.5066666666666667,0.8,0.5945945945945946,10-12 vs. 13-15
923,age4-,age3-,0.5533333333333333,0.7,0.3283582089552238,10-12 vs. 13-15
924,age4-,age3-,0.51875,0.7,0.3766233766233765,10-12 vs. 13-15
925,age4-,age3-,0.4933333333333333,0.6666666666666666,0.34210526315789475,10-12 vs. 13-15
926,age4-,age3-,0.5777777777777777,0.6666666666666666,0.2105263157894737,10-12 vs. 13-15
927,age4-,age2-,0.5711111111111111,0.7666666666666667,0.4559585492227981,7-9 vs. 13-15
928,age4-,age2-,0.5085714285714286,0.6,0.18604651162790692,7-9 vs. 13-15
929,age4-,age2-,0.5672222222222222,0.6333333333333333,0.15275994865211812,7-9 vs. 13-15
930,age4-,age2-,0.515,0.675,0.3298969072164949,7-9 vs. 13-15
931,age4-,age2-,0.5533333333333333,0.6333333333333333,0.1791044776119402,7-9 vs. 13-15
932,age4-,age2-,0.5599999999999999,0.65,0.2045454545454547,7-9 vs. 13-15
933,age4-,age5-,0.6699999999999999,0.7,0.09090909090909097,13-15 vs. Adults
934,age4-,age5-,0.6499999999999999,0.725,0.2142857142857144,13-15 vs. Adults
935,age4-,age5-,0.64,0.675,0.09722222222222232,13-15 vs. Adults
968,age4-,vgg19-,0.42,0.475,0.09482758620689644,13-15 vs. DNNs
969,age4-,BiTM_resnetv2_152x2-,0.5,0.575,0.1499999999999999,13-15 vs. DNNs
970,age4-,ResNeXt101_32x16d_swsl-,0.545,0.6125,0.14835164835164838,13-15 vs. DNNs
971,age4-,resnext101_32x8d-,0.5,0.55,0.10000000000000007,13-15 vs. DNNs
972,age4-,swag_regnety_128gf_in1k-,0.575,0.6375,0.14705882352941174,13-15 vs. DNNs
973,age4-,age2-,0.6199999999999999,0.7,0.2105263157894738,7-9 vs. 13-15
974,age4-,age4-,0.7832098765432098,0.8444444444444444,0.2824601366742598,13-15 vs. 13-15
975,age4-,age4-,0.6119999999999999,0.6,-0.03092783505154612,13-15 vs. 13-15
976,age4-,age3-,0.7236363636363637,0.7090909090909091,-0.05263157894736878,10-12 vs. 13-15
977,age4-,age3-,0.6950000000000001,0.85,0.5081967213114752,10-12 vs. 13-15
978,age4-,age1-,0.540625,0.6875,0.3197278911564625,4-6 vs. 13-15
979,age4-,age3-,0.59,0.75,0.3902439024390245,10-12 vs. 13-15
980,age4-,age3-,0.5599999999999999,0.7,0.3181818181818182,10-12 vs. 13-15
981,age4-,age3-,0.6749999999999999,0.75,0.2307692307692309,10-12 vs. 13-15
982,age4-,age3-,0.5222222222222223,0.6333333333333333,0.2325581395348836,10-12 vs. 13-15
983,age4-,age3-,0.6777777777777778,0.8,0.3793103448275863,10-12 vs. 13-15
984,age4-,age3-,0.575,0.625,0.11764705882352952,10-12 vs. 13-15
985,age4-,age3-,0.4844444444444445,0.6666666666666666,0.3534482758620689,10-12 vs. 13-15
986,age4-,age3-,0.64,0.7333333333333333,0.2592592592592591,10-12 vs. 13-15
987,age4-,age2-,0.66,0.7666666666666667,0.3137254901960785,7-9 vs. 13-15
988,age4-,age2-,0.6800000000000002,0.6,-0.2500000000000007,7-9 vs. 13-15
989,age4-,age2-,0.6222222222222223,0.6833333333333333,0.1617647058823527,7-9 vs. 13-15
990,age4-,age2-,0.5599999999999999,0.75,0.4318181818181819,7-9 vs. 13-15
991,age4-,age2-,0.6777777777777778,0.7333333333333333,0.17241379310344804,7-9 vs. 13-15
992,age4-,age2-,0.59,0.8,0.5121951219512196,7-9 vs. 13-15
993,age4-,age5-,0.7762499999999999,0.8,0.10614525139664872,13-15 vs. Adults
994,age4-,age5-,0.7437499999999999,0.8,0.21951219512195166,13-15 vs. Adults
995,age4-,age5-,0.7274999999999999,0.825,0.3577981651376147,13-15 vs. Adults
1028,age4-,vgg19-,0.37,0.4,0.047619047619047665,13-15 vs. DNNs
1029,age4-,BiTM_resnetv2_152x2-,0.5,0.525,0.05000000000000005,13-15 vs. DNNs
1030,age4-,ResNeXt101_32x16d_swsl-,0.5731250000000001,0.5875,0.03367496339677873,13-15 vs. DNNs
1031,age4-,resnext101_32x8d-,0.5,0.55,0.10000000000000007,13-15 vs. DNNs
1032,age4-,swag_regnety_128gf_in1k-,0.621875,0.6125,-0.024793388429751827,13-15 vs. DNNs
1033,age2-,age4-,0.6799999999999999,0.75,0.21875000000000014,7-9 vs. 13-15
1034,age2-,age4-,0.58,0.7,0.2857142857142857,7-9 vs. 13-15
1035,age2-,age3-,0.64,0.65,0.027777777777777804,7-9 vs. 10-12
1036,age2-,age3-,0.6199999999999999,0.7,0.2105263157894738,7-9 vs. 10-12
1037,age2-,age1-,0.58,0.7,0.2857142857142857,4-6 vs. 7-9
1038,age2-,age3-,0.5599999999999999,0.65,0.2045454545454547,7-9 vs. 10-12
1039,age2-,age3-,0.54,0.7,0.3478260869565216,7-9 vs. 10-12
1040,age2-,age3-,0.5999999999999999,0.65,0.12500000000000033,7-9 vs. 10-12
1041,age2-,age2-,0.5999999999999999,0.75,0.3750000000000002,7-9 vs. 7-9
1042,age2-,age5-,0.7,0.7,0.0,7-9 vs. Adults
1043,age2-,age5-,0.64,0.65,0.027777777777777804,7-9 vs. Adults
1044,age2-,age5-,0.64,0.65,0.027777777777777804,7-9 vs. Adults
1077,age2-,vgg19-,0.42,0.4,-0.03448275862068969,7-9 vs. DNNs
1078,age2-,BiTM_resnetv2_152x2-,0.5,0.3,-0.4,7-9 vs. DNNs
1079,age2-,ResNeXt101_32x16d_swsl-,0.54,0.6,0.13043478260869554,7-9 vs. DNNs
1080,age2-,resnext101_32x8d-,0.5,0.5,0.0,7-9 vs. DNNs
1081,age2-,swag_regnety_128gf_in1k-,0.6199999999999999,0.5,-0.3157894736842101,7-9 vs. DNNs
1082,age4-,age4-,0.69125,0.75,0.1902834008097165,13-15 vs. 13-15
1083,age4-,age3-,0.8187500000000001,0.8,-0.10344827586206927,10-12 vs. 13-15
1084,age4-,age3-,0.7101234567901235,0.8,0.3100511073253835,10-12 vs. 13-15
1085,age4-,age1-,0.5456790123456791,0.6,0.1195652173913042,4-6 vs. 13-15
1086,age4-,age3-,0.635,0.7,0.17808219178082174,10-12 vs. 13-15
1087,age4-,age3-,0.59,0.65,0.14634146341463428,10-12 vs. 13-15
1088,age4-,age3-,0.7125000000000001,0.775,0.2173913043478258,10-12 vs. 13-15
1089,age4-,age3-,0.6064,0.76,0.3902439024390244,10-12 vs. 13-15
1090,age4-,age3-,0.7400000000000001,0.8,0.23076923076923064,10-12 vs. 13-15
1091,age4-,age3-,0.6368,0.64,0.008810572687224617,10-12 vs. 13-15
1092,age4-,age2-,0.7101234567901235,0.8,0.3100511073253835,7-9 vs. 13-15
1093,age4-,age2-,0.66,0.8,0.411764705882353,7-9 vs. 13-15
1094,age4-,age2-,0.6976000000000001,0.64,-0.19047619047619085,7-9 vs. 13-15
1095,age4-,age2-,0.6671999999999999,0.76,0.2788461538461541,7-9 vs. 13-15
1096,age4-,age2-,0.6976000000000001,0.64,-0.19047619047619085,7-9 vs. 13-15
1097,age4-,age5-,0.8928395061728394,0.8888888888888888,-0.03686635944700365,13-15 vs. Adults
1098,age4-,age5-,0.819753086419753,0.8,-0.10958904109588948,13-15 vs. Adults
1099,age4-,age5-,0.8014814814814816,0.8222222222222222,0.10447761194029792,13-15 vs. Adults
1132,age4-,vgg19-,0.362962962962963,0.4222222222222222,0.09302325581395343,13-15 vs. DNNs
1133,age4-,BiTM_resnetv2_152x2-,0.4908641975308641,0.4888888888888889,-0.0038797284190105717,13-15 vs. DNNs
1134,age4-,ResNeXt101_32x16d_swsl-,0.6004938271604939,0.6666666666666666,0.16563658838071665,13-15 vs. DNNs
1135,age4-,resnext101_32x8d-,0.5456790123456791,0.5555555555555556,0.02173913043478256,13-15 vs. DNNs
1136,age4-,swag_regnety_128gf_in1k-,0.7101234567901235,0.7111111111111111,0.00340715502555377,13-15 vs. DNNs
1137,age4-,age3-,0.652,0.7,0.13793103448275842,10-12 vs. 13-15
1138,age4-,age3-,0.5960000000000001,0.68,0.20792079207920788,10-12 vs. 13-15
1139,age4-,age1-,0.484,0.56,0.14728682170542634,4-6 vs. 13-15
1140,age4-,age3-,0.5599999999999999,0.75,0.4318181818181819,10-12 vs. 13-15
1141,age4-,age3-,0.54,0.8,0.5652173913043479,10-12 vs. 13-15
1142,age4-,age3-,0.6124999999999999,0.675,0.1612903225806454,10-12 vs. 13-15
1143,age4-,age3-,0.5088,0.56,0.10423452768729648,10-12 vs. 13-15
1144,age4-,age3-,0.6144000000000001,0.64,0.06639004149377584,10-12 vs. 13-15
1145,age4-,age3-,0.54,0.6333333333333333,0.2028985507246376,10-12 vs. 13-15
1146,age4-,age2-,0.6039999999999999,0.78,0.4444444444444447,7-9 vs. 13-15
1147,age4-,age2-,0.6199999999999999,0.6333333333333333,0.035087719298245834,7-9 vs. 13-15
1148,age4-,age2-,0.5666666666666667,0.6333333333333333,0.1538461538461538,7-9 vs. 13-15
1149,age4-,age2-,0.5266666666666666,0.4666666666666667,-0.12676056338028155,7-9 vs. 13-15
1150,age4-,age2-,0.6144000000000001,0.64,0.06639004149377584,7-9 vs. 13-15
1151,age4-,age5-,0.6920000000000001,0.72,0.09090909090909098,13-15 vs. Adults
1152,age4-,age5-,0.644,0.76,0.3258426966292135,13-15 vs. Adults
1153,age4-,age5-,0.644,0.72,0.2134831460674156,13-15 vs. Adults
1186,age4-,vgg19-,0.42,0.36,-0.10344827586206906,13-15 vs. DNNs
1187,age4-,BiTM_resnetv2_152x2-,0.476,0.5,0.04580152671755718,13-15 vs. DNNs
1188,age4-,ResNeXt101_32x16d_swsl-,0.5479999999999999,0.68,0.29203539823008856,13-15 vs. DNNs
1189,age4-,resnext101_32x8d-,0.5,0.56,0.1200000000000001,13-15 vs. DNNs
1190,age4-,swag_regnety_128gf_in1k-,0.58,0.68,0.2380952380952383,13-15 vs. DNNs
1191,age3-,age3-,0.6965289256198347,0.6363636363636364,-0.19825708061002176,10-12 vs. 10-12
1192,age3-,age1-,0.4796694214876033,0.5272727272727272,0.09148665819567968,4-6 vs. 10-12
1193,age3-,age3-,0.605,0.8,0.4936708860759495,10-12 vs. 10-12
1194,age3-,age3-,0.5700000000000001,0.75,0.4186046511627906,10-12 vs. 10-12
1195,age3-,age3-,0.6875,0.825,0.43999999999999984,10-12 vs. 10-12
1196,age3-,age3-,0.5168,0.44,-0.15894039735099347,10-12 vs. 10-12
1197,age3-,age3-,0.6955555555555556,0.6333333333333333,-0.20437956204379587,10-12 vs. 10-12
1198,age3-,age3-,0.5991836734693878,0.6857142857142857,0.21588594704684305,10-12 vs. 10-12
1199,age3-,age2-,0.6965289256198347,0.7818181818181819,0.2810457516339871,7-9 vs. 10-12
1200,age3-,age2-,0.7314285714285715,0.8,0.2553191489361701,7-9 vs. 10-12
1201,age3-,age2-,0.5991836734693878,0.5714285714285714,-0.06924643584521414,7-9 vs. 10-12
1202,age3-,age2-,0.5771428571428571,0.5428571428571428,-0.08108108108108099,7-9 vs. 10-12
1203,age3-,age2-,0.7184,0.76,0.14772727272727265,7-9 vs. 10-12
1204,age3-,age5-,0.8456198347107436,0.8727272727272727,0.1755888650963603,10-12 vs. Adults
1205,age3-,age5-,0.764297520661157,0.8727272727272727,0.4600280504908835,10-12 vs. Adults
1206,age3-,age5-,0.764297520661157,0.8363636363636363,0.305750350631136,10-12 vs. Adults
1239,age3-,vgg19-,0.34413223140495863,0.3818181818181817,0.057459677419354926,10-12 vs. DNNs
1240,age3-,BiTM_resnetv2_152x2-,0.4661157024793388,0.509090909090909,0.08049535603715165,10-12 vs. DNNs
1241,age3-,ResNeXt101_32x16d_swsl-,0.5745454545454545,0.6181818181818182,0.10256410256410267,10-12 vs. DNNs
1242,age3-,resnext101_32x8d-,0.5203305785123966,0.5818181818181818,0.12818745692625785,10-12 vs. DNNs
1243,age3-,swag_regnety_128gf_in1k-,0.6558677685950414,0.7272727272727273,0.2074927953890489,10-12 vs. DNNs
1244,age3-,age1-,0.5375,0.6625,0.27027027027027023,4-6 vs. 10-12
1245,age3-,age3-,0.59,0.85,0.6341463414634146,10-12 vs. 10-12
1246,age3-,age3-,0.5599999999999999,0.7,0.3181818181818182,10-12 vs. 10-12
1247,age3-,age3-,0.6375000000000001,0.725,0.24137931034482735,10-12 vs. 10-12
1248,age3-,age3-,0.5133333333333333,0.7666666666666667,0.5205479452054795,10-12 vs. 10-12
1249,age3-,age3-,0.6422222222222222,0.7333333333333333,0.2546583850931675,10-12 vs. 10-12
1250,age3-,age3-,0.55625,0.7,0.32394366197183083,10-12 vs. 10-12
1251,age3-,age3-,0.4822222222222222,0.6333333333333333,0.2918454935622317,10-12 vs. 10-12
1252,age3-,age3-,0.64,0.8,0.4444444444444445,10-12 vs. 10-12
1253,age3-,age2-,0.6333333333333334,0.7833333333333333,0.40909090909090895,7-9 vs. 10-12
1254,age3-,age2-,0.6457142857142857,0.7142857142857143,0.1935483870967743,7-9 vs. 10-12
1255,age3-,age2-,0.6100000000000001,0.65,0.1025641025641024,7-9 vs. 10-12
1256,age3-,age2-,0.545,0.775,0.5054945054945055,7-9 vs. 10-12
1257,age3-,age2-,0.6066666666666666,0.7333333333333333,0.3220338983050848,7-9 vs. 10-12
1258,age3-,age2-,0.5975,0.725,0.3167701863354036,7-9 vs. 10-12
1259,age3-,age5-,0.7550000000000001,0.8,0.1836734693877549,10-12 vs. Adults
1260,age3-,age5-,0.7250000000000001,0.8,0.27272727272727265,10-12 vs. Adults
1261,age3-,age5-,0.7100000000000001,0.75,0.1379310344827584,10-12 vs. Adults
1294,age3-,vgg19-,0.38,0.4,0.032258064516129135,10-12 vs. DNNs
1295,age3-,BiTM_resnetv2_152x2-,0.5,0.575,0.1499999999999999,10-12 vs. DNNs
1296,age3-,ResNeXt101_32x16d_swsl-,0.5675,0.6375,0.16184971098265885,10-12 vs. DNNs
1297,age3-,resnext101_32x8d-,0.5,0.55,0.10000000000000007,10-12 vs. DNNs
1298,age3-,swag_regnety_128gf_in1k-,0.6125,0.6625,0.12903225806451596,10-12 vs. DNNs
1299,age1-,age3-,0.5599999999999999,0.75,0.4318181818181819,4-6 vs. 10-12
1300,age1-,age3-,0.54,0.9,0.7826086956521741,4-6 vs. 10-12
1301,age1-,age3-,0.5125000000000001,0.725,0.4358974358974358,4-6 vs. 10-12
1302,age1-,age3-,0.4911111111111111,0.7,0.41048034934497796,4-6 vs. 10-12
1303,age1-,age3-,0.44666666666666666,0.5666666666666667,0.21686746987951805,4-6 vs. 10-12
1304,age1-,age3-,0.475,0.625,0.2857142857142857,4-6 vs. 10-12
1305,age1-,age3-,0.5022222222222222,0.8,0.5982142857142858,4-6 vs. 10-12
1306,age1-,age3-,0.5622222222222222,0.7,0.31472081218274106,4-6 vs. 10-12
1307,age1-,age2-,0.5,0.6666666666666666,0.3333333333333333,4-6 vs. 7-9
1308,age1-,age2-,0.4057142857142857,0.42857142857142855,0.038461538461538464,4-6 vs. 7-9
1309,age1-,age2-,0.5061111111111112,0.6333333333333333,0.2575928008998873,4-6 vs. 7-9
1310,age1-,age2-,0.48,0.7,0.42307692307692296,4-6 vs. 7-9
1311,age1-,age2-,0.4288888888888888,0.4666666666666667,0.06614785992217911,4-6 vs. 7-9
1312,age1-,age2-,0.53,0.75,0.4680851063829787,4-6 vs. 7-9
1313,age1-,age5-,0.5531250000000001,0.5875,0.07692307692307679,4-6 vs. Adults
1314,age1-,age5-,0.546875,0.6375,0.1999999999999999,4-6 vs. Adults
1315,age1-,age5-,0.54375,0.6625,0.26027397260273977,4-6 vs. Adults
1348,age1-,vgg19-,0.475,0.4625,-0.023809523809523725,4-6 vs. DNNs
1349,age1-,BiTM_resnetv2_152x2-,0.5,0.5875,0.17500000000000004,4-6 vs. DNNs
1350,age1-,ResNeXt101_32x16d_swsl-,0.5140625,0.625,0.2282958199356913,4-6 vs. DNNs
1351,age1-,resnext101_32x8d-,0.5,0.5625,0.125,4-6 vs. DNNs
1352,age1-,swag_regnety_128gf_in1k-,0.5234375,0.575,0.10819672131147533,4-6 vs. DNNs
1353,age3-,age3-,0.53,0.85,0.6808510638297872,10-12 vs. 10-12
1354,age3-,age3-,0.5750000000000001,0.9,0.7647058823529412,10-12 vs. 10-12
1355,age3-,age2-,0.5750000000000001,0.9,0.7647058823529412,7-9 vs. 10-12
1356,age3-,age5-,0.65,0.65,0.0,10-12 vs. Adults
1357,age3-,age5-,0.605,0.8,0.4936708860759495,10-12 vs. Adults
1358,age3-,age5-,0.605,0.6,-0.012658227848101276,10-12 vs. Adults
1391,age3-,vgg19-,0.44,0.55,0.1964285714285716,10-12 vs. DNNs
1392,age3-,BiTM_resnetv2_152x2-,0.5,0.55,0.10000000000000007,10-12 vs. DNNs
1393,age3-,ResNeXt101_32x16d_swsl-,0.53,0.65,0.2553191489361702,10-12 vs. DNNs
1394,age3-,resnext101_32x8d-,0.5,0.65,0.30000000000000004,10-12 vs. DNNs
1395,age3-,swag_regnety_128gf_in1k-,0.59,0.65,0.14634146341463428,10-12 vs. DNNs
1396,age3-,age3-,0.5499999999999999,0.85,0.6666666666666666,10-12 vs. 10-12
1397,age3-,age2-,0.5499999999999999,0.85,0.6666666666666666,7-9 vs. 10-12
1398,age3-,age5-,0.6,0.6,0.0,10-12 vs. Adults
1399,age3-,age5-,0.5700000000000001,0.75,0.4186046511627906,10-12 vs. Adults
1400,age3-,age5-,0.5700000000000001,0.65,0.18604651162790686,10-12 vs. Adults
1433,age3-,vgg19-,0.46,0.5,0.07407407407407414,10-12 vs. DNNs
1434,age3-,BiTM_resnetv2_152x2-,0.5,0.5,0.0,10-12 vs. DNNs
1435,age3-,ResNeXt101_32x16d_swsl-,0.52,0.8,0.5833333333333334,10-12 vs. DNNs
1436,age3-,resnext101_32x8d-,0.5,0.7,0.3999999999999999,10-12 vs. DNNs
1437,age3-,swag_regnety_128gf_in1k-,0.5599999999999999,0.7,0.3181818181818182,10-12 vs. DNNs
1438,age3-,age3-,0.5750000000000001,0.7,0.2941176470588233,10-12 vs. 10-12
1439,age3-,age3-,0.6500000000000001,0.85,0.5714285714285712,10-12 vs. 10-12
1440,age3-,age3-,0.5999999999999999,0.75,0.3750000000000002,10-12 vs. 10-12
1441,age3-,age2-,0.625,0.85,0.6,7-9 vs. 10-12
1442,age3-,age2-,0.5999999999999999,0.75,0.3750000000000002,7-9 vs. 10-12
1443,age3-,age2-,0.5999999999999999,0.55,-0.12499999999999953,7-9 vs. 10-12
1444,age3-,age2-,0.625,0.6,-0.06666666666666672,7-9 vs. 10-12
1445,age3-,age2-,0.625,0.6,-0.06666666666666672,7-9 vs. 10-12
1446,age3-,age5-,0.75,0.75,0.0,10-12 vs. Adults
1447,age3-,age5-,0.7000000000000001,0.8,0.3333333333333333,10-12 vs. Adults
1448,age3-,age5-,0.6875,0.725,0.11999999999999993,10-12 vs. Adults
1481,age3-,vgg19-,0.4249999999999999,0.45,0.04347826086956535,10-12 vs. DNNs
1482,age3-,BiTM_resnetv2_152x2-,0.5125000000000001,0.425,-0.17948717948717968,10-12 vs. DNNs
1483,age3-,ResNeXt101_32x16d_swsl-,0.5875000000000001,0.675,0.212121212121212,10-12 vs. DNNs
1484,age3-,resnext101_32x8d-,0.5375,0.575,0.08108108108108103,10-12 vs. DNNs
1485,age3-,swag_regnety_128gf_in1k-,0.6500000000000001,0.7,0.1428571428571424,10-12 vs. DNNs
1486,age3-,age3-,0.59,0.85,0.6341463414634146,10-12 vs. 10-12
1487,age3-,age3-,0.5088888888888888,0.7,0.3891402714932126,10-12 vs. 10-12
1488,age3-,age2-,0.5177777777777778,0.6333333333333333,0.2396313364055299,7-9 vs. 10-12
1489,age3-,age2-,0.5104,0.6,0.18300653594771246,7-9 vs. 10-12
1490,age3-,age2-,0.5177777777777778,0.5,-0.03686635944700462,7-9 vs. 10-12
1491,age3-,age2-,0.5066666666666667,0.8,0.5945945945945946,7-9 vs. 10-12
1492,age3-,age2-,0.5177777777777778,0.5,-0.03686635944700462,7-9 vs. 10-12
1493,age3-,age5-,0.5288888888888889,0.6,0.15094339622641512,10-12 vs. Adults
1494,age3-,age5-,0.5244444444444445,0.6666666666666666,0.29906542056074753,10-12 vs. Adults
1495,age3-,age5-,0.5244444444444445,0.5333333333333333,0.018691588785046617,10-12 vs. Adults
1528,age3-,vgg19-,0.4888888888888889,0.6,0.217391304347826,10-12 vs. DNNs
1529,age3-,BiTM_resnetv2_152x2-,0.4933333333333333,0.6666666666666666,0.34210526315789475,10-12 vs. DNNs
1530,age3-,ResNeXt101_32x16d_swsl-,0.5044444444444445,0.7666666666666667,0.5291479820627804,10-12 vs. DNNs
1531,age3-,resnext101_32x8d-,0.5022222222222222,0.6,0.19642857142857134,10-12 vs. DNNs
1532,age3-,swag_regnety_128gf_in1k-,0.5088888888888888,0.7,0.3891402714932126,10-12 vs. DNNs
1533,age3-,age3-,0.5888888888888888,0.6333333333333333,0.10810810810810824,10-12 vs. 10-12
1534,age3-,age2-,0.6422222222222222,0.8,0.44099378881987583,7-9 vs. 10-12
1535,age3-,age2-,0.6422222222222222,0.6666666666666666,0.06832298136645945,7-9 vs. 10-12
1536,age3-,age2-,0.5533333333333333,0.6333333333333333,0.1791044776119402,7-9 vs. 10-12
1537,age3-,age2-,0.6066666666666666,0.7333333333333333,0.3220338983050848,7-9 vs. 10-12
1538,age3-,age2-,0.6500000000000001,0.65,-3.172065784643305e-16,7-9 vs. 10-12
1539,age3-,age5-,0.7488888888888889,0.7333333333333333,-0.06194690265486767,10-12 vs. Adults
1540,age3-,age5-,0.7133333333333334,0.6666666666666666,-0.1627906976744189,10-12 vs. Adults
1541,age3-,age5-,0.6955555555555556,0.7,0.014598540145985132,10-12 vs. Adults
1574,age3-,vgg19-,0.3933333333333333,0.4,0.01098901098901106,10-12 vs. DNNs
1575,age3-,BiTM_resnetv2_152x2-,0.5,0.4666666666666667,-0.06666666666666665,10-12 vs. DNNs
1576,age3-,ResNeXt101_32x16d_swsl-,0.5888888888888888,0.5666666666666667,-0.05405405405405385,10-12 vs. DNNs
1577,age3-,resnext101_32x8d-,0.5533333333333333,0.5,-0.11940298507462688,10-12 vs. DNNs
1578,age3-,swag_regnety_128gf_in1k-,0.6244444444444444,0.5666666666666667,-0.1538461538461536,10-12 vs. DNNs
1579,age3-,age3-,0.5,0.85,0.7,10-12 vs. 10-12
1580,age3-,age3-,0.52,0.85,0.6874999999999999,10-12 vs. 10-12
1581,age3-,age2-,0.56875,0.7,0.30434782608695643,7-9 vs. 10-12
1582,age3-,age2-,0.5771428571428572,0.6,0.05405405405405392,7-9 vs. 10-12
1583,age3-,age2-,0.54375,0.55,0.013698630136986495,7-9 vs. 10-12
1584,age3-,age2-,0.525,0.675,0.31578947368421056,7-9 vs. 10-12
1585,age3-,age2-,0.5711111111111111,0.6666666666666666,0.22279792746113974,7-9 vs. 10-12
1586,age3-,age2-,0.515,0.7,0.381443298969072,7-9 vs. 10-12
1587,age3-,age5-,0.60625,0.7,0.2380952380952381,10-12 vs. Adults
1588,age3-,age5-,0.5875,0.725,0.3333333333333333,10-12 vs. Adults
1589,age3-,age5-,0.5875,0.675,0.21212121212121215,10-12 vs. Adults
1622,age3-,vgg19-,0.44375,0.45,0.011235955056179834,10-12 vs. DNNs
1623,age3-,BiTM_resnetv2_152x2-,0.475,0.625,0.2857142857142857,10-12 vs. DNNs
1624,age3-,ResNeXt101_32x16d_swsl-,0.5125,0.575,0.1282051282051282,10-12 vs. DNNs
1625,age3-,resnext101_32x8d-,0.50625,0.6,0.18987341772151894,10-12 vs. DNNs
1626,age3-,swag_regnety_128gf_in1k-,0.53125,0.65,0.2533333333333333,10-12 vs. DNNs
1627,age3-,age3-,0.5,0.7,0.3999999999999999,10-12 vs. 10-12
1628,age3-,age2-,0.5,0.7,0.3999999999999999,7-9 vs. 10-12
1629,age3-,age2-,0.4933333333333333,0.6,0.2105263157894737,7-9 vs. 10-12
1630,age3-,age2-,0.5,0.85,0.7,7-9 vs. 10-12
1631,age3-,age2-,0.4933333333333333,0.7333333333333333,0.4736842105263157,7-9 vs. 10-12
1632,age3-,age5-,0.4777777777777778,0.6333333333333333,0.2978723404255319,10-12 vs. Adults
1633,age3-,age5-,0.48,0.6,0.23076923076923075,10-12 vs. Adults
1634,age3-,age5-,0.4822222222222222,0.7,0.4206008583690986,10-12 vs. Adults
1667,age3-,vgg19-,0.5155555555555555,0.6,0.17431192660550454,10-12 vs. DNNs
1668,age3-,BiTM_resnetv2_152x2-,0.5088888888888888,0.7,0.3891402714932126,10-12 vs. DNNs
1669,age3-,ResNeXt101_32x16d_swsl-,0.5044444444444445,0.5,-0.008968609865470909,10-12 vs. DNNs
1670,age3-,resnext101_32x8d-,0.5066666666666667,0.6,0.18918918918918906,10-12 vs. DNNs
1671,age3-,swag_regnety_128gf_in1k-,0.5,0.5666666666666667,0.1333333333333333,10-12 vs. DNNs
1672,age3-,age2-,0.6199999999999999,0.9,0.7368421052631581,7-9 vs. 10-12
1673,age3-,age2-,0.6088888888888888,0.6666666666666666,0.1477272727272728,7-9 vs. 10-12
1674,age3-,age2-,0.48,0.75,0.5192307692307692,7-9 vs. 10-12
1675,age3-,age2-,0.5933333333333334,0.8333333333333334,0.5901639344262296,7-9 vs. 10-12
1676,age3-,age5-,0.6711111111111111,0.8666666666666667,0.5945945945945947,10-12 vs. Adults
1677,age3-,age5-,0.6555555555555554,0.8333333333333334,0.5161290322580647,10-12 vs. Adults
1678,age3-,age5-,0.6711111111111111,0.8666666666666667,0.5945945945945947,10-12 vs. Adults
1711,age3-,vgg19-,0.34444444444444444,0.43333333333333335,0.13559322033898308,10-12 vs. DNNs
1712,age3-,BiTM_resnetv2_152x2-,0.4688888888888889,0.5666666666666667,0.18410041841004174,10-12 vs. DNNs
1713,age3-,ResNeXt101_32x16d_swsl-,0.5155555555555555,0.6666666666666666,0.3119266055045871,10-12 vs. DNNs
1714,age3-,resnext101_32x8d-,0.4688888888888889,0.5666666666666667,0.18410041841004174,10-12 vs. DNNs
1715,age3-,swag_regnety_128gf_in1k-,0.5311111111111111,0.7,0.3601895734597156,10-12 vs. DNNs
1716,age2-,age2-,0.6628571428571429,0.7428571428571429,0.23728813559322026,7-9 vs. 7-9
1717,age2-,age2-,0.5962500000000001,0.65,0.13312693498452005,7-9 vs. 7-9
1718,age2-,age2-,0.5549999999999999,0.625,0.15730337078651696,7-9 vs. 7-9
1719,age2-,age2-,0.6422222222222222,0.8,0.44099378881987583,7-9 vs. 7-9
1720,age2-,age2-,0.59,0.85,0.6341463414634146,7-9 vs. 7-9
1721,age2-,age5-,0.7400000000000001,0.7833333333333333,0.16666666666666632,7-9 vs. Adults
1722,age2-,age5-,0.6866666666666668,0.75,0.20212765957446785,7-9 vs. Adults
1723,age2-,age5-,0.6866666666666668,0.7833333333333333,0.3085106382978721,7-9 vs. Adults
1756,age2-,vgg19-,0.3844444444444444,0.4166666666666667,0.05234657039711197,7-9 vs. DNNs
1757,age2-,BiTM_resnetv2_152x2-,0.4644444444444445,0.43333333333333335,-0.0580912863070539,7-9 vs. DNNs
1758,age2-,ResNeXt101_32x16d_swsl-,0.5355555555555556,0.5666666666666667,0.06698564593301433,7-9 vs. DNNs
1759,age2-,resnext101_32x8d-,0.508888888888889,0.55,0.08371040723981897,7-9 vs. DNNs
1760,age2-,swag_regnety_128gf_in1k-,0.5977777777777779,0.6166666666666667,0.046961325966850716,7-9 vs. DNNs
1761,age2-,age2-,0.5771428571428572,0.6,0.05405405405405392,7-9 vs. 7-9
1762,age2-,age2-,0.5599999999999999,0.5714285714285714,0.02597402597402603,7-9 vs. 7-9
1763,age2-,age2-,0.6352,0.68,0.1228070175438598,7-9 vs. 7-9
1764,age2-,age5-,0.7657142857142858,0.8,0.14634146341463405,7-9 vs. Adults
1765,age2-,age5-,0.7142857142857143,0.7714285714285715,0.20000000000000007,7-9 vs. Adults
1766,age2-,age5-,0.7142857142857143,0.7714285714285715,0.20000000000000007,7-9 vs. Adults
1799,age2-,vgg19-,0.3714285714285714,0.37142857142857133,8.831319514063746e-17,7-9 vs. DNNs
1800,age2-,BiTM_resnetv2_152x2-,0.4571428571428571,0.5142857142857142,0.10526315789473677,7-9 vs. DNNs
1801,age2-,ResNeXt101_32x16d_swsl-,0.5599999999999999,0.6285714285714286,0.15584415584415592,7-9 vs. DNNs
1802,age2-,resnext101_32x8d-,0.5257142857142857,0.5142857142857142,-0.024096385542168728,7-9 vs. DNNs
1803,age2-,swag_regnety_128gf_in1k-,0.5942857142857143,0.6285714285714286,0.08450704225352106,7-9 vs. DNNs
1804,age2-,age2-,0.535,0.525,-0.02150537634408604,7-9 vs. 7-9
1805,age2-,age2-,0.6422222222222222,0.6666666666666666,0.06832298136645945,7-9 vs. 7-9
1806,age2-,age2-,0.5525,0.725,0.3854748603351955,7-9 vs. 7-9
1807,age2-,age5-,0.6466666666666666,0.6833333333333333,0.10377358490566056,7-9 vs. Adults
1808,age2-,age5-,0.6405555555555555,0.6666666666666666,0.0726429675425038,7-9 vs. Adults
1809,age2-,age5-,0.6283333333333333,0.7,0.19282511210762326,7-9 vs. Adults
1842,age2-,vgg19-,0.4266666666666665,0.38333333333333336,-0.07558139534883711,7-9 vs. DNNs
1843,age2-,BiTM_resnetv2_152x2-,0.5,0.6166666666666667,0.2333333333333334,7-9 vs. DNNs
1844,age2-,ResNeXt101_32x16d_swsl-,0.5427777777777778,0.6,0.12515188335358435,7-9 vs. DNNs
1845,age2-,resnext101_32x8d-,0.5,0.55,0.10000000000000007,7-9 vs. DNNs
1846,age2-,swag_regnety_128gf_in1k-,0.555,0.6,0.10112359550561782,7-9 vs. DNNs
1847,age2-,age2-,0.5533333333333333,0.5666666666666667,0.029850746268656664,7-9 vs. 7-9
1848,age2-,age2-,0.485,0.7,0.4174757281553397,7-9 vs. 7-9
1849,age2-,age5-,0.5850000000000001,0.675,0.21686746987951805,7-9 vs. Adults
1850,age2-,age5-,0.5700000000000001,0.65,0.18604651162790686,7-9 vs. Adults
1851,age2-,age5-,0.5700000000000001,0.65,0.18604651162790686,7-9 vs. Adults
1884,age2-,vgg19-,0.455,0.625,0.31192660550458723,7-9 vs. DNNs
1885,age2-,BiTM_resnetv2_152x2-,0.48,0.65,0.326923076923077,7-9 vs. DNNs
1886,age2-,ResNeXt101_32x16d_swsl-,0.51,0.65,0.2857142857142857,7-9 vs. DNNs
1887,age2-,resnext101_32x8d-,0.505,0.575,0.14141414141414133,7-9 vs. DNNs
1888,age2-,swag_regnety_128gf_in1k-,0.525,0.625,0.21052631578947364,7-9 vs. DNNs
1889,age2-,age5-,0.7311111111111112,0.8333333333333334,0.3801652892561984,7-9 vs. Adults
1890,age2-,age5-,0.6955555555555556,0.7666666666666667,0.2335766423357665,7-9 vs. Adults
1891,age2-,age5-,0.6955555555555556,0.7666666666666667,0.2335766423357665,7-9 vs. Adults
1924,age2-,vgg19-,0.4111111111111111,0.36666666666666653,-0.07547169811320756,7-9 vs. DNNs
1925,age2-,BiTM_resnetv2_152x2-,0.44666666666666666,0.43333333333333335,-0.024096385542168627,7-9 vs. DNNs
1926,age2-,ResNeXt101_32x16d_swsl-,0.5355555555555556,0.4666666666666667,-0.14832535885167464,7-9 vs. DNNs
1927,age2-,resnext101_32x8d-,0.5177777777777778,0.5,-0.03686635944700462,7-9 vs. DNNs
1928,age2-,swag_regnety_128gf_in1k-,0.5711111111111111,0.5333333333333333,-0.0880829015544042,7-9 vs. DNNs
1929,age2-,age5-,0.605,0.75,0.3670886075949367,7-9 vs. Adults
1930,age2-,age5-,0.605,0.65,0.11392405063291147,7-9 vs. Adults
1931,age2-,age5-,0.5975,0.825,0.5652173913043477,7-9 vs. Adults
1964,age2-,vgg19-,0.4249999999999999,0.55,0.21739130434782625,7-9 vs. DNNs
1965,age2-,BiTM_resnetv2_152x2-,0.4925,0.575,0.16256157635467985,7-9 vs. DNNs
1966,age2-,ResNeXt101_32x16d_swsl-,0.515,0.7,0.381443298969072,7-9 vs. DNNs
1967,age2-,resnext101_32x8d-,0.4775,0.675,0.3779904306220097,7-9 vs. DNNs
1968,age2-,swag_regnety_128gf_in1k-,0.5225,0.625,0.2146596858638744,7-9 vs. DNNs
1969,age5-,age5-,0.8187500000000001,0.9,0.44827586206896536,Adults vs. Adults
1970,age5-,age5-,0.7975,0.875,0.3827160493827161,Adults vs. Adults
2003,age5-,vgg19-,0.33,0.35,0.029850746268656737,Adults vs. DNNs
2004,age5-,BiTM_resnetv2_152x2-,0.5,0.55,0.10000000000000007,Adults vs. DNNs
2005,age5-,ResNeXt101_32x16d_swsl-,0.5956250000000001,0.6625,0.16537867078825327,Adults vs. DNNs
2006,age5-,resnext101_32x8d-,0.5,0.55,0.10000000000000007,Adults vs. DNNs
2007,age5-,swag_regnety_128gf_in1k-,0.659375,0.7375,0.2293577981651377,Adults vs. DNNs
2008,age5-,age5-,0.7625000000000001,0.825,0.2631578947368417,Adults vs. Adults
2041,age5-,vgg19-,0.35,0.35,0.0,Adults vs. DNNs
2042,age5-,BiTM_resnetv2_152x2-,0.5,0.6,0.2,Adults vs. DNNs
2043,age5-,ResNeXt101_32x16d_swsl-,0.5843750000000001,0.6375,0.12781954887218014,Adults vs. DNNs
2044,age5-,resnext101_32x8d-,0.5,0.575,0.1499999999999999,Adults vs. DNNs
2045,age5-,swag_regnety_128gf_in1k-,0.640625,0.7375,0.2695652173913045,Adults vs. DNNs
2078,age5-,vgg19-,0.36,0.375,0.023437500000000017,Adults vs. DNNs
2079,age5-,BiTM_resnetv2_152x2-,0.5,0.55,0.10000000000000007,Adults vs. DNNs
2080,age5-,ResNeXt101_32x16d_swsl-,0.57875,0.6375,0.1394658753709198,Adults vs. DNNs
2081,age5-,resnext101_32x8d-,0.5,0.55,0.10000000000000007,Adults vs. DNNs
2082,age5-,swag_regnety_128gf_in1k-,0.63125,0.6625,0.0847457627118644,Adults vs. DNNs
2739,vgg19-,BiTM_resnetv2_152x2-,0.5,0.625,0.25,DNNs vs. DNNs
2740,vgg19-,ResNeXt101_32x16d_swsl-,0.455,0.5375,0.15137614678899086,DNNs vs. DNNs
2741,vgg19-,resnext101_32x8d-,0.5,0.625,0.25,DNNs vs. DNNs
2742,vgg19-,swag_regnety_128gf_in1k-,0.425,0.5375,0.1956521739130435,DNNs vs. DNNs
2743,BiTM_resnetv2_152x2-,ResNeXt101_32x16d_swsl-,0.5,0.6625,0.325,DNNs vs. DNNs
2744,BiTM_resnetv2_152x2-,resnext101_32x8d-,0.5,0.675,0.3500000000000001,DNNs vs. DNNs
2745,BiTM_resnetv2_152x2-,swag_regnety_128gf_in1k-,0.5,0.6875,0.375,DNNs vs. DNNs
2746,ResNeXt101_32x16d_swsl-,resnext101_32x8d-,0.5,0.6875,0.375,DNNs vs. DNNs
2747,ResNeXt101_32x16d_swsl-,swag_regnety_128gf_in1k-,0.5421875,0.8,0.5631399317406144,DNNs vs. DNNs
2748,resnext101_32x8d-,swag_regnety_128gf_in1k-,0.5,0.7125,0.425,DNNs vs. DNNs
